[
    {
        "text": "Big important alert! pay attention user!",
        "backgroundColor": "#3d3d3d",
        "textColor": "#f0f0f0",
        "active": true
    },
    {
        "text": "Lorem Ipsum is simply dummy text of the printing and typesetting industry.",
        "backgroundColor": "#333",
        "textColor": "#fff",
        "active": false
    },
    {
        "text": "Lorem Ipsum is simply dummy text of the printing and typesetting industry.",
        "backgroundColor": "#333",
        "textColor": "#fff",
        "active": true
    },
    {
        "text": "Lorem Ipsum is simply dummy text of the printing and typesetting industry.",
        "backgroundColor": "#5dc10b",
        "textColor": "#fff",
        "active": false
    }
]